<?xml version="1.0"?>
<Runs Version="1" Minor="0">
	<Run Id="rom_synth_1" LaunchDir="Y:/Vivado_Projects/ram/ram.runs/rom_synth_1" FlowId="Vivado_Synthesis" FromStepId="vivado" ToStepId="vivado"/>
	<Run Id="synth_1" LaunchDir="Y:/Vivado_Projects/ram/ram.runs/synth_1" FlowId="Vivado_Synthesis" FromStepId="vivado" ToStepId="vivado">
		<Parent Id="rom_synth_1"/>
	</Run>
	<Run Id="impl_1" LaunchDir="Y:/Vivado_Projects/ram/ram.runs/impl_1" FlowId="Vivado_Implementation" FromStepId="init_design" ToStepId="write_bitstream">
		<Parent Id="synth_1"/>
		<Parent Id="rom_synth_1"/>
	</Run>
</Runs>

